timestamp,open,high,low,close,volume
2015-01-02,46.66,47.42,46.54,46.76,27913852
2015-01-05,46.37,46.73,46.25,46.325,39673865
2015-01-06,46.38,46.749,45.54,45.65,36447854
2015-01-07,45.98,46.46,45.49,46.23,29114061
2015-01-08,46.75,47.7499,46.72,47.59,29645202
2015-01-09,47.61,47.82,46.9,47.19,23715642
2015-01-12,47.42,47.54,46.36,46.6,23651887
2015-01-13,46.97,47.91,46.06,46.355,35270601
2015-01-14,45.96,46.24,45.62,45.955,29719580
2015-01-15,46.22,46.38,45.41,45.48,32750779
2015-01-16,45.31,46.28,45.17,46.24,35695289
2015-01-20,46.3,46.65,45.57,46.39,36161860
2015-01-21,45.94,46.14,45.48,45.92,39081143
2015-01-22,46.38,47.135,46.08,47.13,35898035
2015-01-23,47.36,47.39,46.8,47.18,26211594
2015-01-26,47.0,47.1339,46.2399,47.01,42525530
2015-01-27,42.95,43.2,42.105,42.66,169163953
2015-01-28,42.74,42.79,41.16,41.19,84507078
2015-01-29,40.93,42.12,40.79,42.01,63585273
2015-01-30,41.55,41.58,40.35,40.4,78004944
2015-02-02,40.59,41.37,40.23,41.28,50352532
2015-02-03,41.63,41.93,41.045,41.6,52082448
2015-02-04,41.94,42.21,41.36,41.84,41614812
2015-02-05,42.22,42.64,41.855,42.45,36548168
2015-02-06,42.68,42.79,42.15,42.41,34616554
2015-02-09,42.24,42.74,42.21,42.36,31381061
2015-02-10,42.74,42.77,42.18,42.6,29670676
2015-02-11,42.65,42.65,42.21,42.38,38262509
2015-02-12,42.66,43.09,42.51,43.09,33268831
2015-02-13,43.38,43.87,43.15,43.87,40264887
2015-02-17,43.97,44.0,43.19,43.58,33695749
2015-02-18,43.63,43.7,43.39,43.53,27111657
2015-02-19,43.18,43.5263,43.05,43.5,27603420
2015-02-20,43.51,43.88,43.29,43.855,29721133
2015-02-23,43.7,44.19,43.65,44.15,32518754
2015-02-24,44.15,44.3,43.92,44.09,25271747
2015-02-25,43.95,44.09,43.8,43.99,29759820
2015-02-26,43.99,44.23,43.89,44.055,28957329
2015-02-27,44.13,44.2,43.66,43.85,33807740
2015-03-02,43.67,44.19,43.55,43.88,31924049
2015-03-03,43.56,43.825,43.09,43.28,31748648
2015-03-04,43.01,43.21,42.88,43.055,25748692
2015-03-05,43.07,43.24,42.82,43.11,23193541
2015-03-06,43.0,43.11,42.15,42.36,36248785
2015-03-09,42.19,43.125,42.19,42.85,32107957
2015-03-10,42.35,42.71,42.03,42.03,39159730
2015-03-11,42.31,42.37,41.84,41.98,32215314
2015-03-12,41.33,41.65,40.86,41.02,59992502
2015-03-13,40.7,41.47,40.61,41.38,58007705
2015-03-16,41.47,41.64,41.28,41.56,35273452
2015-03-17,41.37,41.83,41.15,41.695,31673448
2015-03-18,41.43,42.83,41.33,42.5,44194771
2015-03-19,42.26,42.59,42.22,42.285,33879066
2015-03-20,42.56,42.98,42.49,42.88,71904529
2015-03-23,42.88,43.13,42.78,42.855,26246086
2015-03-24,42.78,43.17,42.75,42.9,25513252
2015-03-25,42.92,42.925,41.44,41.46,43469907
2015-03-26,41.22,41.61,40.92,41.21,37495627
2015-03-27,41.12,41.43,40.83,40.97,34401398
2015-03-30,41.1,41.54,40.91,40.96,35049662
2015-03-31,40.78,41.03,40.54,40.655,34887219
2015-04-01,40.6,40.76,40.31,40.72,36865322
2015-04-02,40.66,40.74,40.12,40.29,37487476
2015-04-06,40.34,41.78,40.18,41.545,39223692
2015-04-07,41.61,41.91,41.31,41.53,28809375
2015-04-08,41.46,41.69,41.04,41.42,24753438
2015-04-09,41.25,41.62,41.25,41.48,25723861
2015-04-10,41.63,41.95,41.41,41.72,28022002
2015-04-13,41.4,42.06,41.39,41.76,30276692
2015-04-14,41.8,42.03,41.39,41.65,24244382
2015-04-15,41.76,42.46,41.68,42.255,27343581
2015-04-16,41.95,42.34,41.82,42.16,22509652
2015-04-17,41.67,41.74,41.16,41.615,42387608
2015-04-20,41.73,43.17,41.68,42.905,46057733
2015-04-21,43.0,43.15,42.53,42.635,26013844
2015-04-22,42.67,43.13,42.55,42.985,25064273
2015-04-23,42.89,43.61,42.8,43.34,46309530
2015-04-24,45.66,48.14,45.65,47.87,130933665
2015-04-27,47.23,48.13,47.22,48.03,59248172
2015-04-28,47.78,49.21,47.7,49.155,60730778
2015-04-29,48.72,49.31,48.5,49.06,47804562
2015-04-30,48.7,49.54,48.6,48.64,64725457
2015-05-01,48.58,48.875,48.4,48.655,38937336
2015-05-04,48.37,48.87,48.18,48.24,34039485
2015-05-05,47.82,48.16,47.31,47.6,50369191
2015-05-06,47.57,47.77,46.02,46.28,52433020
2015-05-07,46.27,47.085,46.16,46.7,32971654
2015-05-08,47.55,47.98,47.52,47.75,35364911
2015-05-11,47.55,47.91,47.37,47.37,24609416
2015-05-12,46.85,47.68,46.42,47.35,29928264
2015-05-13,48.19,48.32,47.57,47.625,34184613
2015-05-14,48.0301,48.82,48.03,48.72,32980892
2015-05-15,48.87,48.905,48.05,48.295,28642694
2015-05-18,47.98,48.22,47.61,48.01,24136502
2015-05-19,47.56,47.81,47.18,47.58,28574813
2015-05-20,47.39,47.93,47.27,47.58,25047919
2015-05-21,47.28,47.6,47.005,47.42,22410698
2015-05-22,47.3,47.35,46.82,46.9,25720583
2015-05-26,46.83,46.88,46.19,46.59,29581860
2015-05-27,46.82,47.77,46.62,47.61,27335639
2015-05-28,47.5,48.02,47.39,47.45,19283666
2015-05-29,47.43,47.57,46.59,46.86,36519594
2015-06-01,47.06,47.77,46.62,47.23,28837332
2015-06-02,46.93,47.35,46.62,46.92,21498326
2015-06-03,47.37,47.735,46.82,46.85,28002154
2015-06-04,46.79,47.16,46.2,46.36,27745512
2015-06-05,46.31,46.52,45.84,46.14,25438086
2015-06-08,46.3,46.43,45.67,45.73,22121634
2015-06-09,45.76,45.94,45.46,45.65,24406057
2015-06-10,45.79,46.83,45.69,46.61,28417405
2015-06-11,46.66,46.92,46.13,46.44,27347758
2015-06-12,46.22,46.47,45.9,45.97,23930972
2015-06-15,45.45,45.65,45.0201,45.475,33254517
2015-06-16,45.35,46.24,45.3,45.83,27070306
2015-06-17,45.73,46.07,45.36,45.97,28704061
2015-06-18,46.22,46.8,46.17,46.72,32658343
2015-06-19,46.79,46.825,45.99,46.1,63837036
2015-06-22,46.33,46.72,46.16,46.23,20318055
2015-06-23,46.13,46.28,45.62,45.91,25896473
2015-06-24,45.67,46.245,45.55,45.635,34890901
2015-06-25,46.03,46.06,45.5,45.65,20615995
2015-06-26,45.65,46.28,45.03,45.26,49835287
2015-06-29,45.04,45.23,44.36,44.37,34081746
2015-06-30,44.71,44.72,43.94,44.15,35945384
2015-07-01,44.46,45.23,44.1,44.445,28343907
2015-07-02,44.48,44.75,44.06,44.4,21752013
2015-07-06,43.96,44.48,43.95,44.39,23033961
2015-07-07,44.34,44.49,43.32,44.3,36435827
2015-07-08,44.44,44.9,44.03,44.24,39785901
2015-07-09,44.75,45.22,44.5,44.52,32424672
2015-07-10,45.01,45.14,44.57,44.61,25465757
2015-07-13,44.975,45.62,44.9501,45.54,28178329
2015-07-14,45.45,45.96,45.31,45.62,22880260
2015-07-15,45.68,45.89,45.43,45.76,26629615
2015-07-16,46.01,46.69,45.965,46.66,26271673
2015-07-17,46.55,46.78,46.26,46.62,29467107
2015-07-20,46.65,47.13,46.44,46.92,30631905
2015-07-21,46.78,47.33,46.48,47.28,42781899
2015-07-22,45.44,46.93,45.203,45.54,59152427
2015-07-23,45.27,46.23,45.1,46.11,33934010
2015-07-24,45.91,46.32,45.8,45.94,32333244
2015-07-27,45.94,46.01,45.25,45.35,39701420
2015-07-28,45.58,45.639,44.79,45.34,34328948
2015-07-29,45.4,46.78,45.26,46.29,40945864
2015-07-30,46.26,47.4,45.93,46.88,39777883
2015-07-31,47.29,47.37,46.5,46.7,31201480
2015-08-03,46.98,47.0,46.45,46.81,24125886
2015-08-04,46.75,47.71,46.68,47.54,33403916
2015-08-05,47.98,48.41,47.54,47.58,26739584
2015-08-06,47.71,47.77,46.33,46.62,27368000
2015-08-07,46.39,46.78,46.26,46.74,19163038
2015-08-10,46.95,47.49,46.84,47.33,23079870
2015-08-11,46.82,46.94,45.9,46.41,29237402
2015-08-12,46.19,46.9,45.705,46.74,30198532
2015-08-13,47.06,47.1,46.49,46.73,22627241
2015-08-14,46.53,47.1,46.52,47.0,21473402
2015-08-17,46.81,47.45,46.57,47.32,21099746
2015-08-18,46.84,47.43,46.7,47.27,23574104
2015-08-19,46.78,47.08,46.3,46.61,31485511
2015-08-20,46.07,46.47,45.66,45.66,36238227
2015-08-21,45.3,45.48,43.07,43.07,70053084
2015-08-24,40.45,43.31,39.72,41.68,88753660
2015-08-25,42.565,43.24,40.39,40.47,70616597
2015-08-26,42.01,42.84,41.06,42.71,63407996
2015-08-27,43.14,43.95,42.925,43.9,50943211
2015-08-28,43.47,44.15,43.39,43.93,28246725
2015-08-31,43.74,43.93,43.1,43.52,34441662
2015-09-01,42.23,42.59,41.66,41.82,49688896
2015-09-02,42.24,43.38,41.88,43.36,37671518
2015-09-03,43.41,43.98,43.28,43.5,28285205
2015-09-04,42.81,43.04,42.195,42.61,37138775
2015-09-08,43.3,44.0,43.2,43.89,32469766
2015-09-09,44.21,44.4,42.91,43.07,33469485
2015-09-10,43.12,43.79,42.745,43.29,31366630
2015-09-11,43.14,43.59,42.9399,43.48,27132527
2015-09-14,43.43,43.44,42.86,43.04,23656048
2015-09-15,43.19,44.29,43.08,43.98,28882206
2015-09-16,43.97,44.38,43.84,44.3,23372162
2015-09-17,44.29,45.0,44.08,44.25,32768161
2015-09-18,43.5,43.99,43.33,43.48,63143684
2015-09-21,43.62,44.47,43.6,44.11,26177224
2015-09-22,43.38,44.05,43.31,43.9,28085903
2015-09-23,43.93,44.17,43.51,43.87,17145238
2015-09-24,43.45,44.13,43.27,43.91,27905607
2015-09-25,44.48,44.73,43.76,43.94,29384601
2015-09-28,43.83,44.085,43.205,43.29,27099680
2015-09-29,43.37,43.57,43.05,43.44,32763557
2015-09-30,43.88,44.3,43.66,44.26,33172693
2015-10-01,44.75,44.75,43.75,44.61,28657859
2015-10-02,44.27,45.57,43.92,45.57,41839035
2015-10-05,45.745,46.89,45.7,46.63,34369286
2015-10-06,46.33,47.175,46.22,46.75,27510808
2015-10-07,47.1,47.35,45.95,46.8,27711492
2015-10-08,46.56,47.515,46.5,47.45,33772709
2015-10-09,47.45,47.54,46.92,47.11,28600632
2015-10-12,46.98,47.07,46.5,47.0,19769066
2015-10-13,46.56,47.1299,46.56,46.89,19987816
2015-10-14,46.65,47.1,46.53,46.68,24697766
2015-10-15,47.01,47.03,46.53,47.01,27189370
2015-10-16,47.02,47.54,46.897,47.51,26450334
2015-10-19,47.42,47.88,47.02,47.62,29387581
2015-10-20,47.44,47.81,47.02,47.77,30802235
2015-10-21,47.92,47.99,47.11,47.2,25264710
2015-10-22,47.53,48.95,47.09,48.03,56637074
2015-10-23,52.3,54.07,52.25,52.87,135227059
2015-10-26,52.53,54.32,52.5,54.25,64633324
2015-10-27,53.99,54.37,53.58,53.69,50999907
2015-10-28,53.54,53.98,52.86,53.98,47000753
2015-10-29,53.54,53.83,53.22,53.36,30202078
2015-10-30,53.32,53.99,52.62,52.64,46619761
2015-11-02,52.85,53.36,52.62,53.24,30284982
2015-11-03,52.93,54.39,52.9,54.15,36596931
2015-11-04,54.18,54.88,54.06,54.4,37087849
2015-11-05,54.49,54.7,54.0,54.38,31468485
2015-11-06,54.085,54.98,53.964,54.92,32851204
2015-11-09,54.55,54.87,53.56,54.16,32513067
2015-11-10,54.07,54.13,53.27,53.51,55283697
2015-11-11,53.7,54.2,53.46,53.65,36516260
2015-11-12,53.48,53.9791,53.19,53.32,35361095
2015-11-13,53.07,53.29,52.53,52.84,36848175
2015-11-16,53.08,53.89,52.85,53.765,32165198
2015-11-17,53.17,53.53,52.85,52.97,31546754
2015-11-18,53.0,53.98,52.9799,53.85,29710030
2015-11-19,53.99,54.66,53.781,53.94,28149228
2015-11-20,54.25,54.3,53.265,54.19,37147608
2015-11-23,54.25,54.46,53.75,54.19,28235918
2015-11-24,53.92,54.44,53.58,54.25,24600043
2015-11-25,54.09,54.23,53.69,53.69,21005147
2015-11-27,53.8,54.08,53.79,53.93,9009132
2015-11-30,54.54,54.96,53.9999,54.35,56241417
2015-12-01,54.41,55.23,54.3,55.22,39952779
2015-12-02,55.32,55.96,55.06,55.21,47274879
2015-12-03,55.49,55.77,53.93,54.2,38627835
2015-12-04,54.12,56.23,54.1,55.91,43963662
2015-12-07,55.79,55.97,55.29,55.81,30709765
2015-12-08,55.47,56.1,54.99,55.79,32878026
2015-12-09,55.37,55.87,54.51,54.98,36373209
2015-12-10,55.39,55.655,55.01,55.27,31775826
2015-12-11,54.71,55.1,54.01,54.06,39549497
2015-12-14,54.33,55.21,53.68,55.14,47006491
2015-12-15,55.66,55.9,55.09,55.2,39842998
2015-12-16,55.54,56.245,54.76,56.13,37503300
2015-12-17,56.36,56.79,55.5348,55.7,41280907
2015-12-18,55.77,56.0,54.03,54.13,84684164
2015-12-21,54.88,55.35,54.2262,54.83,37246325
2015-12-22,54.99,55.48,54.5,55.35,28322241
2015-12-23,55.7,55.88,55.44,55.82,27279832
2015-12-24,55.86,55.96,55.43,55.67,9570002
2015-12-28,55.35,55.95,54.98,55.95,22458293
2015-12-29,56.29,56.85,56.06,56.55,27731403
2015-12-30,56.47,56.78,56.2875,56.31,21704505
2015-12-31,56.04,56.19,55.42,55.48,27334061
2016-01-04,54.32,54.8,53.39,54.8,53777963
2016-01-05,54.93,55.39,54.54,55.05,34079674
2016-01-06,54.32,54.4001,53.64,54.05,39518863
2016-01-07,52.7,53.485,52.07,52.17,56564852
2016-01-08,52.37,53.28,52.15,52.33,48753969
2016-01-11,52.51,52.85,51.46,52.3,36943756
2016-01-12,52.76,53.1,52.06,52.78,36095539
2016-01-13,53.8,54.07,51.3038,51.64,66883571
2016-01-14,52.0,53.4163,51.57,53.11,52381918
2016-01-15,51.31,51.97,50.34,50.99,71820697
2016-01-19,51.48,51.68,50.06,50.56,43564538
2016-01-20,49.98,51.38,49.1,50.79,63272993
2016-01-21,51.0,51.58,50.3,50.48,40191157
2016-01-22,51.41,52.33,51.26,52.29,37555789
2016-01-25,51.94,52.65,51.65,51.79,34707717
2016-01-26,51.79,52.44,51.55,52.17,28900820
2016-01-27,52.01,52.2,51.0201,51.22,36775194
2016-01-28,51.86,52.21,51.25,52.055,62513789
2016-01-29,54.73,55.09,54.0,55.09,83611686
2016-02-01,54.88,55.09,54.495,54.71,44208542
2016-02-02,54.17,54.26,52.65,53.0,56313753
2016-02-03,53.25,53.39,51.26,52.16,57559814
2016-02-04,52.1,52.81,51.37,52.0,46987123
2016-02-05,51.94,52.0,49.56,50.16,62008994
2016-02-08,49.55,49.57,48.19,49.41,59290497
2016-02-09,49.02,50.24,48.67,49.28,46740474
2016-02-10,49.89,50.39,49.52,49.71,38236954
2016-02-11,48.68,50.11,48.51,49.69,48878571
2016-02-12,50.25,50.68,49.75,50.5,34243324
2016-02-16,50.9,51.09,50.13,51.09,37291208
2016-02-17,51.49,52.77,51.45,52.42,40788968
2016-02-18,52.33,52.95,52.1,52.19,27176035
2016-02-19,51.97,52.28,51.53,51.82,33559073
2016-02-22,52.28,53.0,52.28,52.65,25008291
2016-02-23,52.34,52.37,50.98,51.18,28895274
2016-02-24,50.69,51.5,50.2,51.36,33014457
2016-02-25,51.73,52.1,50.61,52.1,26939467
2016-02-26,52.6,52.68,51.1,51.3,35975925
2016-02-29,51.35,51.65,50.66,50.88,31654036
2016-03-01,50.97,52.59,50.9199,52.58,33024535
2016-03-02,52.41,52.96,52.155,52.95,29289884
2016-03-03,52.97,52.97,51.78,52.35,24427813
2016-03-04,52.4,52.45,51.71,52.03,33034150
2016-03-07,51.56,51.8,50.58,51.03,38428816
2016-03-08,50.8,52.13,50.595,51.65,33075517
2016-03-09,51.89,52.85,51.855,52.84,28251588
2016-03-10,52.93,52.94,51.16,52.05,38387804
2016-03-11,53.0,53.07,52.38,53.07,32275677
2016-03-14,52.71,53.59,52.63,53.17,24083616
2016-03-15,52.75,53.59,52.74,53.59,21104763
2016-03-16,53.45,54.6,53.4,54.35,31691742
2016-03-17,54.21,55.0,54.0,54.66,28223947
2016-03-18,54.92,54.97,53.445,53.49,67625518
2016-03-21,53.25,53.9298,52.93,53.86,23925716
2016-03-22,53.61,54.25,53.46,54.07,23124143
2016-03-23,54.11,54.24,53.74,53.97,20129015
2016-03-24,53.84,54.33,53.73,54.21,19949972
2016-03-28,54.21,54.29,53.33,53.54,17025050
2016-03-29,53.66,54.86,53.45,54.71,23924329
2016-03-30,54.93,55.64,54.9,55.05,23008260
2016-03-31,54.95,55.59,54.86,55.23,26360495
2016-04-01,55.05,55.61,54.57,55.57,24399193
2016-04-04,55.43,55.66,55.0,55.43,18928810
2016-04-05,55.19,55.3,54.46,54.56,19272255
2016-04-06,54.36,55.2,54.21,55.12,21188682
2016-04-07,54.87,54.91,54.23,54.46,19225092
2016-04-08,54.67,55.28,54.32,54.42,22167223
2016-04-11,54.49,55.15,54.3,54.31,21414227
2016-04-12,54.37,54.78,53.76,54.65,24944288
2016-04-13,55.12,55.4375,54.89,55.35,20817961
2016-04-14,55.22,55.575,55.07,55.36,20877108
2016-04-15,55.3,55.92,55.11,55.65,28793753
2016-04-18,55.49,56.59,55.21,56.46,23785950
2016-04-19,56.63,56.77,55.68,56.39,29596827
2016-04-20,56.29,56.5,55.485,55.59,36195714
2016-04-21,55.8,56.23,55.415,55.78,38909096
2016-04-22,51.91,52.4297,50.77,51.78,126834091
2016-04-25,51.78,52.13,51.63,52.11,33226948
2016-04-26,52.26,52.35,51.09,51.44,33532636
2016-04-27,51.48,51.5,50.55,50.94,43369256
2016-04-28,50.62,50.77,49.56,49.9,43134846
2016-04-29,49.35,50.25,49.35,49.87,48411684
2016-05-02,50.0,50.75,49.7799,50.61,33114539
2016-05-03,50.34,50.41,49.6,49.78,26460244
2016-05-04,49.84,50.06,49.46,49.87,24257556
2016-05-05,49.87,50.3,49.73,49.94,25390718
2016-05-06,49.92,50.39,49.66,50.39,24787301
2016-05-09,50.49,50.585,50.0,50.07,17951598
2016-05-10,50.33,51.1,50.19,51.02,22890966
2016-05-11,51.13,51.78,51.0,51.05,24039140
2016-05-12,51.2,51.81,50.92,51.51,24102781
2016-05-13,51.44,51.895,51.04,51.08,22592342
2016-05-16,50.8,51.96,50.75,51.83,20032017
2016-05-17,51.72,51.73,50.36,50.51,27803514
2016-05-18,50.48,51.14,50.3,50.81,24907532
2016-05-19,50.47,50.62,49.82,50.32,23842358
2016-05-20,50.48,51.22,50.4,50.62,23905769
2016-05-23,50.6,50.68,49.98,50.03,26118720
2016-05-24,50.7,51.71,50.4,51.59,34757944
2016-05-25,51.92,52.49,51.79,52.12,24204566
2016-05-26,51.93,51.9793,51.36,51.89,24335223
2016-05-27,51.92,52.32,51.77,52.32,17721438
2016-05-31,52.26,53.0,52.08,53.0,37653081
2016-06-01,52.44,52.95,52.44,52.85,25324828
2016-06-02,52.64,52.74,51.835,52.48,22840779
2016-06-03,52.38,52.42,51.6,51.79,23368291
2016-06-06,51.99,52.35,51.89,52.13,18243271
2016-06-07,52.24,52.73,52.1,52.1,20866770
2016-06-08,52.02,52.44,51.87,52.04,21149438
2016-06-09,52.0,52.0,51.49,51.62,20305664
2016-06-10,51.05,52.05,51.04,51.48,25833151
2016-06-13,49.58,50.715,49.06,50.14,83217844
2016-06-14,49.9,50.1,49.57,49.83,42577106
2016-06-15,49.78,50.12,49.69,49.69,33757639
2016-06-16,49.52,50.47,49.5068,50.39,31188605
2016-06-17,50.41,50.43,49.82,50.13,45710516
2016-06-20,50.64,50.83,50.03,50.07,35607946
2016-06-21,50.2,51.43,50.16,51.19,34097825
2016-06-22,51.08,51.46,50.9525,50.99,28816848
2016-06-23,51.28,52.06,51.15,51.91,29028833
2016-06-24,49.81,50.94,49.52,49.83,133502985
2016-06-27,49.1,49.1466,48.035,48.43,50576699
2016-06-28,48.92,49.47,48.67,49.44,38140658
2016-06-29,49.91,50.72,49.8,50.54,31304021
2016-06-30,50.72,51.3,50.5,51.17,28527781
2016-07-01,51.13,51.72,51.07,51.16,21400392
2016-07-05,50.83,51.28,50.74,51.17,24806351
2016-07-06,50.78,51.54,50.39,51.38,28167461
2016-07-07,51.42,51.61,51.07,51.38,19585194
2016-07-08,51.73,52.36,51.55,52.3,28391026
2016-07-11,52.5,52.83,52.47,52.59,22269203
2016-07-12,52.94,53.4,52.785,53.21,27317555
2016-07-13,53.56,53.86,53.18,53.51,25356841
2016-07-14,53.84,53.99,53.58,53.74,24545520
2016-07-15,53.95,54.0,53.21,53.7,32024385
2016-07-18,53.7,54.34,53.55,53.96,31433864
2016-07-19,53.71,53.9,52.93,53.09,53336533
2016-07-20,56.15,56.84,55.53,55.91,89893301
2016-07-21,55.98,56.23,55.76,55.8,32776653
2016-07-22,56.08,56.6275,55.78,56.57,32157167
2016-07-25,56.47,56.74,56.255,56.73,25610587
2016-07-26,56.52,57.29,56.51,56.76,28078995
2016-07-27,56.61,56.8,56.11,56.19,32327477
2016-07-28,56.0,56.37,55.72,56.21,37550411
2016-07-29,56.26,56.76,56.05,56.68,30558718
2016-08-01,56.6,56.75,56.14,56.58,26003419
2016-08-02,56.85,56.9,56.31,56.58,35121958
2016-08-03,56.68,57.11,56.49,56.97,22075616
2016-08-04,56.8,57.5193,56.67,57.39,26587749
2016-08-05,57.65,58.21,57.45,57.96,29335221
2016-08-08,58.055,58.085,57.78,58.06,19473499
2016-08-09,58.17,58.5,58.02,58.2,16920721
2016-08-10,58.16,58.32,57.82,58.02,15756913
2016-08-11,58.03,58.45,58.03,58.3,18162301
2016-08-12,58.03,58.19,57.62,57.94,21655161
2016-08-15,58.01,58.5,57.96,58.12,19283902
2016-08-16,57.61,57.62,57.27,57.44,20523493
2016-08-17,57.54,57.68,57.23,57.56,18856423
2016-08-18,57.42,57.7,57.27,57.6,14214341
2016-08-19,57.43,57.73,57.2,57.62,17271044
2016-08-22,57.6,57.75,57.26,57.67,15221922
2016-08-23,57.9,58.18,57.85,57.89,18732373
2016-08-24,57.8,58.04,57.715,57.95,18151506
2016-08-25,57.88,58.29,57.78,58.17,18552579
2016-08-26,58.28,58.7,57.69,58.03,20971202
2016-08-29,58.18,58.6,58.1,58.1,16417207
2016-08-30,57.98,58.19,57.61,57.89,16930185
2016-08-31,57.65,57.8,57.3,57.46,20860269
2016-09-01,57.01,57.82,57.01,57.59,26075363
2016-09-02,57.67,58.19,57.42,57.67,18900489
2016-09-06,57.78,57.8,57.21,57.61,16278416
2016-09-07,57.47,57.84,57.405,57.66,17493359
2016-09-08,57.63,57.79,57.18,57.43,20146083
2016-09-09,56.79,57.52,56.21,56.21,35113934
2016-09-12,56.0,57.205,55.61,57.05,29302962
2016-09-13,56.5,56.65,56.05,56.53,30130213
2016-09-14,56.39,56.63,56.03,56.26,24274273
2016-09-15,56.15,57.35,55.98,57.19,27062614
2016-09-16,57.63,57.63,56.75,57.25,44606965
2016-09-19,57.27,57.75,56.85,56.93,20937104
2016-09-20,57.35,57.35,56.75,56.81,17383982
2016-09-21,57.51,57.85,57.08,57.76,33707272
2016-09-22,57.92,58.0,57.63,57.82,19822203
2016-09-23,57.87,57.91,57.38,57.43,19955336
2016-09-26,57.08,57.14,56.83,56.9,21688720
2016-09-27,56.93,58.06,56.681,57.95,28065071
2016-09-28,57.88,58.06,57.67,58.03,20536400
2016-09-29,57.81,58.1679,57.21,57.4,25463536
2016-09-30,57.57,57.77,57.34,57.6,29910788
2016-10-03,57.405,57.55,57.06,57.42,19189515
2016-10-04,57.27,57.595,56.97,57.24,20085874
2016-10-05,57.29,57.9601,57.26,57.64,16726411
2016-10-06,57.74,57.86,57.28,57.74,16212611
2016-10-07,57.85,57.98,57.42,57.8,20089020
2016-10-10,57.91,58.39,57.87,58.04,18196509
2016-10-11,57.89,58.02,56.89,57.19,26497418
2016-10-12,57.11,57.27,56.4,57.11,22177464
2016-10-13,56.7,57.3,56.315,56.92,25313748
2016-10-14,57.12,57.74,57.12,57.42,27402451
2016-10-17,57.36,57.46,56.87,57.22,23830014
2016-10-18,57.53,57.945,57.41,57.66,19149538
2016-10-19,57.47,57.84,57.395,57.53,22878397
2016-10-20,57.5,57.52,56.66,57.25,49455612
2016-10-21,60.28,60.45,59.485,59.66,80032206
2016-10-24,59.94,61.0,59.93,61.0,54066978
2016-10-25,60.85,61.3699,60.8,60.99,35137164
2016-10-26,60.81,61.2,60.47,60.63,29911608
2016-10-27,60.61,60.83,60.09,60.1,28479856
2016-10-28,60.01,60.52,59.58,59.87,33574684
2016-10-31,60.16,60.42,59.92,59.92,26434697
2016-11-01,59.97,60.02,59.25,59.8,24532986
2016-11-02,59.82,59.93,59.3,59.43,22147005
2016-11-03,59.53,59.64,59.11,59.21,21600427
2016-11-04,58.65,59.28,58.52,58.71,28697016
2016-11-07,59.78,60.52,59.78,60.42,31664798
2016-11-08,60.55,60.78,60.15,60.47,22935355
2016-11-09,60.0,60.59,59.2,60.17,49632479
2016-11-10,60.48,60.49,57.6302,58.7,57822394
2016-11-11,58.23,59.116,58.01,59.02,38767843
2016-11-14,59.02,59.08,57.28,58.12,41328422
2016-11-15,58.33,59.49,58.315,58.87,35904126
2016-11-16,58.94,59.66,58.81,59.65,27332475
2016-11-17,60.41,60.95,59.965,60.64,32132728
2016-11-18,60.78,61.14,60.3,60.35,27686311
2016-11-21,60.5,60.97,60.42,60.86,19652595
2016-11-22,60.98,61.26,60.805,61.12,23206700
2016-11-23,61.01,61.1,60.25,60.4,21848913
2016-11-25,60.3,60.53,60.13,60.53,8409616
2016-11-28,60.34,61.02,60.21,60.61,20732619
2016-11-29,60.65,61.41,60.52,61.09,22366721
2016-11-30,60.86,61.18,60.215,60.26,34655435
2016-12-01,60.11,60.15,58.935,59.2,34542121
2016-12-02,59.08,59.47,58.8,59.25,25515665
2016-12-05,59.7,60.585,59.56,60.22,23552658
2016-12-06,60.43,60.46,59.8,59.95,19907035
2016-12-07,60.01,61.38,59.8,61.37,30808969
2016-12-08,61.3,61.58,60.84,61.01,21220753
2016-12-09,61.18,61.99,61.125,61.97,27349356
2016-12-12,61.82,62.3,61.72,62.17,20198081
2016-12-13,62.5,63.42,62.24,62.98,35718868
2016-12-14,63.0,63.45,62.53,62.68,30352654
2016-12-15,62.7,63.1535,62.3,62.58,27669868
2016-12-16,62.95,62.95,62.115,62.3,42453083
2016-12-19,62.56,63.77,62.42,63.62,34338219
2016-12-20,63.69,63.8,63.025,63.54,26028379
2016-12-21,63.43,63.7,63.12,63.54,17096304
2016-12-22,63.84,64.1,63.405,63.55,22176585
2016-12-23,63.45,63.54,62.8,63.24,12403819
2016-12-27,63.21,64.07,63.21,63.28,11763173
2016-12-28,63.4,63.4,62.83,62.99,14653348
2016-12-29,62.86,63.2,62.73,62.9,10250582
2016-12-30,62.96,62.99,62.03,62.14,25579908
2017-01-03,62.79,62.84,62.125,62.58,20694101
2017-01-04,62.48,62.75,62.12,62.3,21339969
2017-01-05,62.19,62.66,62.03,62.3,24875968
2017-01-06,62.3,63.15,62.04,62.84,19922919
2017-01-09,62.76,63.08,62.54,62.64,20382730
2017-01-10,62.73,63.07,62.28,62.62,18593004
2017-01-11,62.61,63.23,62.43,63.19,21517335
2017-01-12,63.06,63.4,61.95,62.61,20968223
2017-01-13,62.62,62.865,62.35,62.7,19422310
2017-01-17,62.68,62.7,62.03,62.53,20663983
2017-01-18,62.67,62.7,62.12,62.5,19670102
2017-01-19,62.24,62.98,62.195,62.3,18451655
2017-01-20,62.67,62.82,62.37,62.74,30213462
2017-01-23,62.7,63.1159,62.57,62.96,23097581
2017-01-24,63.2,63.735,62.94,63.52,24672940
2017-01-25,63.95,64.1,63.45,63.68,24654933
2017-01-26,64.12,64.535,63.55,64.27,43554645
2017-01-27,65.39,65.91,64.89,65.78,44817972
2017-01-30,65.69,65.79,64.8,65.13,31651445
2017-01-31,64.86,65.15,64.26,64.65,25270549
2017-02-01,64.355,64.62,63.47,63.58,39671528
2017-02-02,63.25,63.41,62.75,63.17,45827013
2017-02-03,63.5,63.7,63.07,63.68,30301759
2017-02-06,63.5,63.65,63.14,63.64,19796360
2017-02-07,63.74,63.78,63.23,63.43,20277226
2017-02-08,63.57,63.81,63.22,63.34,18096358
2017-02-09,63.52,64.435,63.32,64.06,22644443
2017-02-10,64.25,64.3,63.975,64.0,18170729
2017-02-13,64.24,64.86,64.13,64.72,22920101
2017-02-14,64.41,64.72,64.02,64.57,23108426
2017-02-15,64.5,64.57,64.155,64.53,17005157
2017-02-16,64.74,65.24,64.44,64.52,20546345
2017-02-17,64.47,64.69,64.3,64.62,21248818
2017-02-21,64.61,64.95,64.45,64.49,20655869
2017-02-22,64.33,64.39,64.05,64.36,19292651
2017-02-23,64.42,64.7285,64.195,64.62,20273128
2017-02-24,64.53,64.8,64.135,64.62,21796800
2017-02-27,64.54,64.54,64.045,64.23,15871507
2017-02-28,64.08,64.2,63.76,63.98,23239825
2017-03-01,64.13,64.99,64.0218,64.94,26937459
2017-03-02,64.69,64.75,63.88,64.01,24539597
2017-03-03,63.99,64.28,63.62,64.25,18139405
2017-03-06,63.97,64.56,63.81,64.27,18750255
2017-03-07,64.19,64.775,64.19,64.4,18520987
2017-03-08,64.26,65.085,64.25,64.99,21510907
2017-03-09,65.19,65.2,64.48,64.73,19846832
2017-03-10,65.11,65.26,64.75,64.93,19538245
2017-03-13,65.01,65.195,64.57,64.71,20100035
2017-03-14,64.53,64.55,64.15,64.41,14280202
2017-03-15,64.55,64.92,64.25,64.75,24833810
2017-03-16,64.75,64.76,64.3,64.64,20674296
2017-03-17,64.91,65.24,64.68,64.87,49219686
2017-03-20,64.91,65.175,64.72,64.93,14598083
2017-03-21,65.19,65.5,64.13,64.21,26640480
2017-03-22,64.12,65.14,64.12,65.03,20680015
2017-03-23,64.94,65.235,64.765,64.87,19269203
2017-03-24,65.36,65.45,64.76,64.98,22617105
2017-03-27,64.63,65.22,64.35,65.1,18614662
2017-03-28,64.96,65.47,64.65,65.29,20080358
2017-03-29,65.12,65.5,64.9475,65.47,13618424
2017-03-30,65.42,65.98,65.36,65.71,15122823
2017-03-31,65.65,66.19,65.45,65.86,21040331
2017-04-03,65.81,65.94,65.19,65.55,20400871
2017-04-04,65.39,65.81,65.28,65.73,12997449
2017-04-05,66.3,66.35,65.4443,65.56,21448594
2017-04-06,65.6,66.055,65.48,65.73,18103453
2017-04-07,65.85,65.96,65.44,65.68,14089274
2017-04-10,65.61,65.82,65.36,65.53,17952742
2017-04-11,65.6,65.61,64.85,65.48,18791533
2017-04-12,65.42,65.51,65.11,65.23,17108513
2017-04-13,65.29,65.86,64.95,64.95,17896483
2017-04-17,65.04,65.49,65.01,65.48,16689265
2017-04-18,65.33,65.71,65.16,65.39,15155611
2017-04-19,65.65,65.75,64.89,65.04,26992771
2017-04-20,65.46,65.75,65.14,65.5,22299477
2017-04-21,65.67,66.7,65.45,66.4,32522645
2017-04-24,67.48,67.66,67.1,67.53,29721254
2017-04-25,67.9,68.04,67.6,67.92,29983174
2017-04-26,68.08,68.31,67.62,67.83,25544417
2017-04-27,68.15,68.38,67.58,68.27,32219234
2017-04-28,68.91,69.14,67.69,68.46,38940853
2017-05-01,68.68,69.55,68.5,69.41,31304672
2017-05-02,69.71,69.71,69.13,69.3,23000828
2017-05-03,69.38,69.38,68.71,69.08,28725646
2017-05-04,69.03,69.08,68.64,68.81,21421413
2017-05-05,68.9,69.03,68.485,69.0,18882845
2017-05-08,68.97,69.05,68.42,68.94,18446053
2017-05-09,68.86,69.28,68.68,69.04,22318181
2017-05-10,68.99,69.56,68.92,69.31,17842038
2017-05-11,68.36,68.73,68.12,68.46,27985424
2017-05-12,68.61,68.61,68.04,68.38,17073013
2017-05-15,68.14,68.48,67.57,68.43,30705323
2017-05-16,68.23,69.44,68.16,69.41,33250702
2017-05-17,68.89,69.1,67.43,67.48,29964198
2017-05-18,67.4,68.13,67.14,67.71,24789790
2017-05-19,67.5,68.095,67.43,67.69,26496478
2017-05-22,67.89,68.5,67.5,68.45,15484530
2017-05-23,68.72,68.75,68.38,68.68,15347877
2017-05-24,68.87,68.88,68.45,68.77,14422965
2017-05-25,68.97,69.88,68.91,69.62,21702912
2017-05-26,69.8,70.22,69.52,69.96,19644260
2017-05-30,69.79,70.41,69.77,70.41,16901792
2017-05-31,70.53,70.74,69.81,69.84,29538356
2017-06-01,70.24,70.61,69.451,70.1,21066468
2017-06-02,70.44,71.86,70.24,71.76,34586054
2017-06-05,71.97,72.89,71.81,72.28,29507429
2017-06-06,72.3,72.62,72.27,72.52,31220057
2017-06-07,72.635,72.77,71.95,72.39,21895156
2017-06-08,72.51,72.52,71.5,71.95,23982410
2017-06-09,72.035,72.08,68.59,70.32,48619420
2017-06-12,69.25,69.94,68.13,69.78,47363986
2017-06-13,70.02,70.82,69.96,70.65,24815455
2017-06-14,70.91,71.1,69.43,70.27,25271276
2017-06-15,69.27,70.21,68.8,69.9,25701569
2017-06-16,69.73,70.0252,69.22,70.0,46911637
2017-06-19,70.5,70.945,70.35,70.87,23146852
2017-06-20,70.82,70.87,69.87,69.91,20775590
2017-06-21,70.21,70.62,69.94,70.27,19190623
2017-06-22,70.54,70.59,69.71,70.26,22222851
2017-06-23,70.09,71.25,69.92,71.21,23176418
2017-06-26,71.4,71.71,70.445,70.53,19308122
2017-06-27,70.11,70.18,69.18,69.21,24862560
2017-06-28,69.21,69.841,68.79,69.8,25226070
2017-06-29,69.38,69.49,68.09,68.49,28231562
2017-06-30,68.78,69.38,68.74,68.93,23039328
2017-07-03,69.33,69.6,68.02,68.17,16165500
2017-07-05,68.255,69.44,68.22,69.08,20174523
2017-07-06,68.27,68.78,68.12,68.57,20776555
2017-07-07,68.7,69.84,68.7,69.46,15897154
2017-07-10,69.46,70.25,69.2,69.98,14903400
2017-07-11,70.0,70.68,69.75,69.99,16880205
2017-07-12,70.69,71.28,70.55,71.15,17382861
2017-07-13,71.5,72.0399,71.31,71.77,20149208
2017-07-14,72.24,73.27,71.96,72.78,25689303
2017-07-17,72.8,73.45,72.72,73.35,21481069
2017-07-18,73.09,73.39,72.66,73.3,26150272
2017-07-19,73.5,74.04,73.45,73.86,21769229
2017-07-20,74.18,74.3,73.28,74.22,34174677
2017-07-21,73.45,74.29,73.17,73.79,45302930
2017-07-24,73.53,73.75,73.13,73.6,20836422
2017-07-25,73.8,74.31,73.5,74.19,21522189
2017-07-26,74.34,74.38,73.81,74.05,15850344
2017-07-27,73.76,74.42,72.32,73.16,35518251
2017-07-28,72.67,73.31,72.54,73.04,17472880
2017-07-31,73.3,73.44,72.41,72.7,23151962
2017-08-01,73.1,73.42,72.49,72.58,19060885
2017-08-02,72.55,72.56,71.445,72.26,26405096
2017-08-03,72.19,72.44,71.845,72.15,17937522
2017-08-04,72.4,73.04,72.24,72.68,22579000
2017-08-07,72.8,72.9,72.26,72.4,18705700
2017-08-08,72.09,73.13,71.75,72.79,21446993
2017-08-09,72.25,72.51,72.05,72.47,20401071
2017-08-10,71.9,72.19,71.35,71.41,23153711
2017-08-11,71.61,72.7,71.28,72.5,21121250
2017-08-14,73.06,73.72,72.95,73.59,19756773
2017-08-15,73.59,73.59,73.04,73.22,17791179
2017-08-16,73.34,74.1,73.17,73.65,17814317
2017-08-17,73.58,73.87,72.4,72.4,21834250
2017-08-18,72.27,72.84,71.93,72.49,18215276
2017-08-21,72.47,72.48,71.7,72.15,17656716
2017-08-22,72.35,73.24,72.35,73.16,14183146
2017-08-23,72.96,73.15,72.53,72.72,13586784
2017-08-24,72.74,72.86,72.07,72.69,15980144
2017-08-25,72.86,73.35,72.48,72.82,12574503
2017-08-28,73.06,73.09,72.55,72.83,14112777
2017-08-29,72.25,73.16,72.05,73.05,11325418
2017-08-30,73.01,74.2099,72.8293,74.01,16826094
2017-08-31,74.03,74.96,73.8,74.77,26688077
2017-09-01,74.71,74.74,73.64,73.94,21593192
2017-09-05,73.34,73.89,72.98,73.61,21432599
2017-09-06,73.74,74.04,73.35,73.4,15945136
2017-09-07,73.68,74.6,73.6,74.34,17165518
2017-09-08,74.33,74.44,73.84,73.98,14474383
2017-09-11,74.31,74.945,74.31,74.76,17428067
2017-09-12,74.76,75.24,74.37,74.68,14003880
2017-09-13,74.93,75.23,74.55,75.21,12998629
2017-09-14,75.0,75.49,74.52,74.77,15373384
2017-09-15,74.83,75.39,74.07,75.31,37901927
2017-09-18,75.23,75.97,75.04,75.16,22730355
2017-09-19,75.21,75.71,75.01,75.44,15606870
2017-09-20,75.35,75.55,74.31,74.94,20415084
2017-09-21,75.11,75.24,74.11,74.21,19038998
2017-09-22,73.99,74.51,73.85,74.41,13969937
2017-09-25,74.09,74.25,72.92,73.26,23502422
2017-09-26,73.67,73.81,72.99,73.26,17105469
2017-09-27,73.55,74.17,73.17,73.85,18934048
2017-09-28,73.54,73.97,73.31,73.87,10814063
2017-09-29,73.94,74.535,73.88,74.49,16700435
2017-10-02,74.71,75.01,74.295,74.61,15210338
2017-10-03,74.67,74.88,74.195,74.26,11935853
2017-10-04,74.0,74.72,73.71,74.69,13287346
2017-10-05,75.22,76.12,74.96,75.97,20656238
2017-10-06,75.67,76.03,75.54,76.0,13692791
2017-10-09,75.97,76.55,75.86,76.29,11364275
2017-10-10,76.33,76.63,76.14,76.29,13734627
2017-10-11,76.36,76.46,75.95,76.42,14780652
2017-10-12,76.49,77.29,76.37,77.12,16778148
2017-10-13,77.59,77.87,77.29,77.49,15250772
2017-10-16,77.42,77.81,77.35,77.65,12331147
2017-10-17,77.47,77.62,77.25,77.59,15953665
2017-10-18,77.67,77.85,77.37,77.61,13147124
2017-10-19,77.57,77.93,77.35,77.91,14982129
2017-10-20,78.32,78.97,78.22,78.81,22517092
2017-10-23,78.99,79.34,78.76,78.83,20479731
2017-10-24,78.9,79.2,78.46,78.86,16613928
2017-10-25,78.58,79.1,78.01,78.63,19714512
2017-10-26,79.2,79.42,78.75,78.76,29181652
2017-10-27,84.37,86.2,83.61,83.81,70877350
2017-10-30,83.7,84.325,83.105,83.89,31291801
2017-10-31,84.36,84.36,83.11,83.18,26728947
2017-11-01,83.68,83.76,82.88,83.18,22039635
2017-11-02,83.35,84.46,83.12,84.05,23822964
2017-11-03,84.08,84.54,83.4,84.14,17569120
2017-11-06,84.2,84.7,84.0825,84.47,19039847
2017-11-07,84.77,84.9,83.93,84.27,17152583
2017-11-08,84.14,84.61,83.83,84.56,18034170
2017-11-09,84.11,84.27,82.9,84.09,20924172
2017-11-10,83.79,84.095,83.23,83.87,19340435
2017-11-13,83.66,83.94,83.46,83.93,14080820
2017-11-14,83.5,84.1,82.98,84.05,18604034
2017-11-15,83.47,83.69,82.69,82.98,19097333
2017-11-16,83.1,83.42,82.94,83.2,20659209
2017-11-17,83.12,83.12,82.24,82.4,21715498
2017-11-20,82.4,82.59,82.25,82.53,16072495
2017-11-21,82.74,83.84,82.74,83.72,21237454
2017-11-22,83.83,83.9,83.04,83.11,20213704
2017-11-24,83.01,83.43,82.78,83.26,7425503
2017-11-27,83.31,83.98,83.3,83.87,17603760
2017-11-28,84.07,85.06,84.02,84.88,21162639
2017-11-29,84.71,84.9172,83.175,83.34,27358477
2017-11-30,83.51,84.52,83.34,84.17,32998408
2017-12-01,83.6,84.81,83.22,84.26,29387325
2017-12-04,84.42,84.4299,80.7,81.08,37977732
2017-12-05,81.34,82.68,80.9801,81.59,25512120
2017-12-06,81.55,83.14,81.43,82.78,24821403
2017-12-07,82.54,82.8,82.0,82.49,20378114
2017-12-08,83.63,84.58,83.33,84.16,23825056
2017-12-11,84.29,85.37,84.12,85.23,19909119
2017-12-12,85.31,86.05,85.08,85.58,23534946
2017-12-13,85.74,86.0,85.17,85.35,21307911
2017-12-14,85.43,85.8739,84.53,84.69,19080106
2017-12-15,85.26,87.09,84.88,86.85,52430167
2017-12-18,87.12,87.4999,86.23,86.38,21551076
2017-12-19,86.35,86.35,85.27,85.83,23241979
2017-12-20,86.2,86.3,84.71,85.52,23425009
2017-12-21,86.05,86.1,85.4,85.5,16638402
2017-12-22,85.4,85.63,84.92,85.51,14033977
2017-12-26,85.31,85.5346,85.03,85.4,9737412
2017-12-27,85.65,85.98,85.215,85.71,13000828
2017-12-28,85.9,85.93,85.55,85.72,9872795
2017-12-29,85.63,86.05,85.5,85.54,18162779
2018-01-02,86.125,86.31,85.5,85.95,21993101
2018-01-03,86.055,86.51,85.97,86.35,24173064
2018-01-04,86.59,87.66,86.57,87.11,21145985
2018-01-05,87.66,88.41,87.43,88.19,22526563
2018-01-08,88.2,88.58,87.6046,88.28,20293930
2018-01-09,88.65,88.7272,87.86,88.22,19390427
2018-01-10,87.86,88.19,87.41,87.82,18129153
2018-01-11,88.13,88.13,87.24,88.08,16529868
2018-01-12,88.67,89.78,88.45,89.6,24000439
2018-01-16,90.1,90.79,88.0104,88.35,35945428
2018-01-17,89.08,90.28,88.75,90.14,24659472
2018-01-18,89.8,90.67,89.66,90.1,22931303
2018-01-19,90.14,90.61,89.66,90.0,34896964
2018-01-22,90.0,91.62,89.74,91.61,23190700
2018-01-23,91.9,92.3,91.54,91.9,22283365
2018-01-24,92.55,93.43,91.58,91.82,32107765
2018-01-25,92.465,93.24,91.93,92.33,23983094
2018-01-26,93.12,94.06,92.58,94.06,26348999
2018-01-29,95.14,95.45,93.72,93.92,30409620
2018-01-30,93.3,93.66,92.1,92.74,34153798
2018-01-31,93.75,95.4,93.51,95.01,44284284
2018-02-01,94.79,96.07,93.5813,94.26,46645657
2018-02-02,93.64,93.97,91.5,91.78,47076959
2018-02-05,90.56,93.24,88.0,88.0,42253469
2018-02-06,86.89,91.475,85.25,91.33,66157030
2018-02-07,90.49,91.77,89.2,89.61,40340551
2018-02-08,89.71,89.875,84.76,85.01,47485202
2018-02-09,86.3,88.93,83.83,88.18,57408480
2018-02-12,88.735,89.78,87.9295,89.13,35501368
2018-02-13,88.93,90.0,87.8,89.83,26200053
2018-02-14,88.51,90.99,88.41,90.81,34314101
2018-02-15,91.21,92.72,90.62,92.66,27407914
2018-02-16,92.45,93.5,91.8,92.0,30188535
2018-02-20,91.475,93.06,91.01,92.72,30107057
2018-02-21,92.98,93.3595,91.49,91.49,26081953
2018-02-22,92.05,92.73,91.36,91.73,22723756
2018-02-23,92.75,94.07,92.36,94.06,25779955
2018-02-26,94.4,95.45,94.25,95.42,29760276
2018-02-27,95.74,95.84,94.2,94.2,25540755
2018-02-28,94.84,95.705,93.63,93.77,29314525
2018-03-01,93.99,94.57,91.84,92.85,37135561
2018-03-02,91.58,93.15,90.86,93.05,32830389
2018-03-05,92.34,94.27,92.26,93.64,23901578
2018-03-06,94.34,94.49,92.941,93.32,22175776
2018-03-07,93.16,93.9406,92.43,93.86,26716127
2018-03-08,94.27,95.1,93.765,94.43,24861307
2018-03-09,95.29,96.54,95.0,96.54,36145524
2018-03-12,96.5,97.21,96.04,96.77,25333720
2018-03-13,97.0,97.24,93.97,94.41,34445391
2018-03-14,95.12,95.41,93.5,93.85,31576898
2018-03-15,93.53,94.58,92.83,94.18,26279014
2018-03-16,94.68,95.38,93.92,94.6,47329521
2018-03-19,93.74,93.9,92.11,92.89,31752589
2018-03-20,93.05,93.77,93.0,93.13,21787780
2018-03-21,92.93,94.05,92.21,92.48,23753263
2018-03-22,91.265,91.75,89.66,89.79,37578166
2018-03-23,89.5,90.46,87.08,87.18,42159397
2018-03-26,90.61,94.0,90.4,93.78,55031149
2018-03-27,94.94,95.139,88.51,89.47,53704562
2018-03-28,89.82,91.23,88.873,89.39,52501146
2018-03-29,90.18,92.29,88.4,91.27,45867548
2018-04-02,90.47,90.88,87.51,88.52,48515417
2018-04-03,89.575,90.05,87.89,89.71,37213837
2018-04-04,87.85,92.76,87.73,92.33,35559956
2018-04-05,92.435,93.065,91.4,92.38,29771881
2018-04-06,91.49,92.46,89.48,90.23,38026000
2018-04-09,91.04,93.17,90.62,90.77,31533943
2018-04-10,92.39,93.28,91.64,92.88,26939883
2018-04-11,92.01,93.29,91.48,91.86,24872110
2018-04-12,92.43,94.16,92.43,93.58,26758879
2018-04-13,94.05,94.18,92.44,93.08,23346063
2018-04-16,94.07,94.66,93.42,94.17,20288083
2018-04-17,95.0,96.54,94.88,96.07,26771000
2018-04-18,96.22,96.72,95.52,96.44,21043287
2018-04-19,96.44,97.07,95.34,96.11,23552541
2018-04-20,95.91,96.11,94.05,95.0,31154377
2018-04-23,95.7436,96.29,94.63,95.35,22331829
2018-04-24,96.242,96.47,92.41,93.12,34524799
2018-04-25,93.3,93.3,90.28,92.31,33729257
2018-04-26,93.55,95.15,93.1,94.26,42529043
2018-04-27,97.6,97.9,93.91,95.82,48272780
2018-04-30,96.33,96.3964,93.15,93.52,41523605
2018-05-01,93.21,95.29,92.79,95.0,31408927
2018-05-02,94.99,95.17,93.19,93.51,27471002
2018-05-03,92.96,94.925,92.45,94.07,31142497
2018-05-04,93.32,95.37,92.92,95.16,22531325
2018-05-07,95.17,96.71,95.1,96.22,24242019
2018-05-08,95.8456,96.16,95.0631,95.81,23484589
2018-05-09,96.01,96.97,95.05,96.94,27327410
2018-05-10,97.46,97.95,97.05,97.91,22388119
2018-05-11,97.8,97.87,97.04,97.7,16778316
2018-05-14,97.92,98.69,97.31,98.03,19454124
2018-05-15,97.24,97.85,96.34,97.32,24594010
2018-05-16,97.36,97.4,96.615,97.15,17384742
2018-05-17,96.76,97.5401,95.83,96.18,17246716
2018-05-18,96.01,96.93,96.01,96.36,17865840
2018-05-21,97.0,98.01,96.8,97.6,19422467
2018-05-22,97.68,98.17,97.2,97.5,15441189
2018-05-23,96.71,98.73,96.32,98.66,21251222
2018-05-24,98.725,98.94,96.81,98.31,26649287
2018-05-25,98.3,98.98,97.86,98.36,18363918
2018-05-29,97.84,98.88,97.23,98.01,28670981
2018-05-30,98.31,99.25,97.91,98.95,22158528
2018-05-31,99.29,99.99,98.61,98.84,34140891
2018-06-01,99.2798,100.86,99.17,100.79,28655624
2018-06-04,101.26,101.86,100.851,101.67,27281623
2018-06-05,102.0,102.33,101.53,102.19,23514402
2018-06-06,102.48,102.6,101.9,102.49,21122917
2018-06-07,102.65,102.69,100.38,100.88,28232197
2018-06-08,101.0924,101.95,100.54,101.63,22165128
2018-06-11,101.37,101.59,100.67,101.05,23490894
2018-06-12,101.1,101.4493,100.75,101.31,18325228
2018-06-13,101.72,102.01,100.56,100.85,29492875
2018-06-14,101.65,102.03,101.0,101.42,25691811
2018-06-15,101.51,101.53,100.07,100.13,65738585
2018-06-18,100.01,101.11,99.42,100.86,23586037
2018-06-19,99.65,101.0,99.5,100.86,28653087
2018-06-20,101.37,102.52,101.12,101.87,26180792
2018-06-21,102.075,102.46,100.88,101.14,23198188
2018-06-22,100.41,100.77,99.625,100.41,38923105
2018-06-25,100.0,100.11,97.3,98.39,35433333
2018-06-26,98.82,100.08,98.75,99.08,26897244
2018-06-27,99.58,100.02,97.4,97.54,31298386
2018-06-28,97.38,99.11,97.26,98.63,26650671
2018-06-29,98.93,99.91,98.33,98.61,28053214
2018-07-02,98.1,100.06,98.0,100.01,19564521
2018-07-03,100.48,100.63,98.94,99.05,14670275
2018-07-05,99.5,99.92,99.0299,99.76,18977402
2018-07-06,99.885,101.43,99.67,101.16,19234627
2018-07-09,101.6452,102.25,101.251,101.85,18211980
2018-07-10,102.0,102.51,101.86,102.12,19293140
2018-07-11,101.15,102.34,101.1,101.98,19644648
2018-07-12,102.77,104.41,102.73,104.19,24335929
2018-07-13,104.37,105.6,104.09,105.43,24653500
2018-07-16,105.4,105.82,104.515,104.91,21786912
2018-07-17,104.61,106.5,104.32,105.95,25901726
2018-07-18,105.94,106.05,104.715,105.12,29493927
2018-07-19,104.93,105.31,103.89,104.4,40171646
2018-07-20,108.08,108.2,106.08,106.27,56038827
2018-07-23,106.3,108.14,106.13,107.97,29706955
2018-07-24,108.57,108.82,107.26,107.66,26316619
2018-07-25,107.955,111.15,107.6,110.83,30798058
2018-07-26,110.74,111.0,109.5,109.62,31372110
2018-07-27,110.18,110.18,106.14,107.68,37005292
2018-07-30,107.19,107.53,104.76,105.37,34668327
2018-07-31,106.49,106.72,105.38,106.08,27655152
2018-08-01,106.03,106.446,105.42,106.28,23628699
2018-08-02,105.4,108.09,104.84,107.57,26104258
2018-08-03,107.8,108.05,106.82,108.04,18659599
2018-08-06,108.12,108.42,107.559,108.13,20265947
2018-08-07,108.56,109.1,108.17,108.88,16080214
2018-08-08,109.33,109.75,108.7599,109.49,15487502
2018-08-09,109.71,110.16,109.6,109.67,13677211
2018-08-10,109.42,109.69,108.38,109.0,18183724
2018-08-13,109.24,109.58,108.1,108.21,18474884
2018-08-14,108.56,109.75,108.04,109.56,16788314
2018-08-15,108.49,108.985,106.82,107.66,29982806
2018-08-16,108.3,108.86,107.3,107.64,21384289
2018-08-17,107.36,107.9,106.69,107.58,18061512
2018-08-20,107.51,107.9,106.48,106.87,17914201
2018-08-21,106.92,107.35,105.85,105.98,22881861
2018-08-22,105.85,107.34,105.78,107.06,18000639
2018-08-23,107.15,108.18,106.87,107.56,18167723
2018-08-24,107.67,108.56,107.56,108.4,17234020
2018-08-27,109.27,109.64,108.51,109.6,19662331
2018-08-28,109.94,110.5,109.79,110.26,19151528
2018-08-29,110.45,112.03,110.27,112.02,20818044
2018-08-30,111.67,112.61,111.44,111.95,22798702
2018-08-31,111.685,112.777,111.515,112.33,23222713
2018-09-04,110.85,111.955,110.22,111.71,22634641
2018-09-05,111.01,111.42,108.1,108.49,32872352
2018-09-06,108.25,108.99,107.51,108.74,23477624
2018-09-07,108.23,108.7248,107.23,108.21,22498646
2018-09-10,108.84,109.64,108.36,109.38,20727906
2018-09-11,108.9,111.59,108.89,111.24,24301774
2018-09-12,111.43,111.85,110.51,111.71,18891064
2018-09-13,112.12,113.725,112.12,112.91,26055620
2018-09-14,113.36,113.73,112.44,113.37,19122349
2018-09-17,113.69,113.7,111.86,112.14,20736516
2018-09-18,112.19,113.695,111.72,113.21,22170934
2018-09-19,113.05,113.32,111.035,111.7,21728429
2018-09-20,112.28,113.8,111.93,113.57,23714512
2018-09-21,114.0,115.29,113.51,114.26,71229698
2018-09-24,113.03,114.9,112.2175,114.67,27334460
2018-09-25,114.8,115.1,113.75,114.45,22668014
2018-09-26,114.47,115.055,113.74,113.98,19352025
2018-09-27,114.78,114.91,114.2,114.41,19091299
2018-09-28,114.19,114.57,113.68,114.37,21647811
2018-10-01,114.75,115.68,114.73,115.61,18883079
2018-10-02,115.3,115.84,114.44,115.15,20787239
2018-10-03,115.42,116.18,114.93,115.17,16648018
2018-10-04,114.61,114.7588,111.63,112.79,34821717
2018-10-05,112.63,113.17,110.64,112.13,29068859
2018-10-08,111.66,112.03,109.34,110.85,29640588
2018-10-09,111.14,113.08,110.8,112.26,26198594
2018-10-10,111.24,111.5,105.79,106.16,61376300
2018-10-11,105.35,108.93,104.2,105.91,63904282
2018-10-12,109.01,111.24,107.12,109.57,47742109
2018-10-15,108.91,109.48,106.9468,107.6,32068103
2018-10-16,109.54,111.41,108.95,111.0,31610164
2018-10-17,111.68,111.81,109.5482,110.71,26548243
2018-10-18,110.1,110.53,107.83,108.5,32506192
2018-10-19,108.93,110.86,108.21,108.66,32785475
2018-10-22,109.32,110.54,108.24,109.63,26545607
2018-10-23,107.77,108.97,105.11,108.1,43770429
2018-10-24,108.41,108.49,101.5901,102.32,63897759
2018-10-25,106.55,109.27,106.15,108.3,61646819
2018-10-26,105.69,108.75,104.76,106.96,55523104
2018-10-29,108.105,108.7,101.63,103.85,55162001
2018-10-30,103.66,104.38,100.11,103.73,65350878
2018-10-31,105.435,108.14,105.39,106.81,51062383
2018-11-01,107.05,107.32,105.53,105.92,33384201
2018-11-02,106.48,107.32,104.975,106.16,37680194
2018-11-05,106.37,107.74,105.9,107.51,27922144
2018-11-06,107.38,108.84,106.28,107.72,24340248
2018-11-07,109.44,112.24,109.4,111.96,37901704
2018-11-08,111.8,112.21,110.91,111.75,25644105
2018-11-09,110.85,111.45,108.76,109.57,32039223
2018-11-12,109.42,109.96,106.1,106.87,33621807
2018-11-13,107.55,108.74,106.64,106.94,35374583
2018-11-14,108.1,108.26,104.47,104.97,39495141
2018-11-15,104.99,107.8,103.91,107.28,38505165
2018-11-16,107.08,108.88,106.8,108.29,33502121
2018-11-19,108.27,108.56,103.55,104.62,44773899
2018-11-20,101.8,102.97,99.3528,101.71,64052457
2018-11-21,103.6,104.43,102.24,103.11,28130621
2018-11-23,102.17,103.8099,102.0,103.07,13823099
2018-11-26,104.79,106.63,104.58,106.47,32336165
2018-11-27,106.27,107.33,105.36,107.14,29124486
2018-11-28,107.89,111.33,107.86,111.12,46788461
2018-11-29,110.33,111.115,109.03,110.19,28123195
2018-11-30,110.7,110.97,109.36,110.89,33665624
2018-12-03,113.0,113.42,110.73,112.09,34732772
2018-12-04,111.94,112.6373,108.2115,108.52,45196984
2018-12-06,105.82,109.24,105.0,109.19,49107431
2018-12-07,108.38,109.45,104.3,104.82,45044937
2018-12-10,104.8,107.98,103.89,107.59,40801525
2018-12-11,109.8,110.95,107.44,108.59,42381947
2018-12-12,110.89,111.27,109.04,109.08,36183020
2018-12-13,109.58,110.87,108.63,109.45,31333362
2018-12-14,108.25,109.26,105.5,106.03,47043136
2018-12-17,105.41,105.8,101.71,102.89,56957314
2018-12-18,103.75,104.51,102.52,103.97,49319196
2018-12-19,103.65,106.88,101.35,103.69,68198186
2018-12-20,103.05,104.31,98.78,101.51,70334184
2018-12-21,101.63,103.0,97.46,98.23,111242070
2018-12-24,97.68,97.97,93.98,94.13,43935192
2018-12-26,95.14,100.69,93.96,100.56,51634793
2018-12-27,99.3,101.19,96.4,101.18,49498509
2018-12-28,102.09,102.41,99.52,100.39,38169312
2018-12-31,101.29,102.4,100.44,101.57,33173765
2019-01-02,99.55,101.75,98.94,101.12,35329345
2019-01-03,100.1,100.185,97.2,97.4,42578410
2019-01-04,99.72,102.51,98.93,101.93,44060620
2019-01-07,101.64,103.2681,100.98,102.06,35656136
2019-01-08,103.04,103.97,101.7134,102.8,31514415
2019-01-09,103.86,104.88,103.2445,104.27,32280840
2019-01-10,103.22,103.75,102.38,103.6,30067556
2019-01-11,103.19,103.44,101.64,102.8,28314202
2019-01-14,101.9,102.8716,101.26,102.05,28437079
2019-01-15,102.51,105.05,101.88,105.01,31587616
2019-01-16,105.26,106.255,104.96,105.38,29853865
2019-01-17,105.0,106.625,104.76,106.12,28393015
2019-01-18,107.46,107.9,105.91,107.71,37427587
2019-01-22,106.75,107.1,104.86,105.68,32371253
2019-01-23,106.12,107.04,105.34,106.71,25874294
2019-01-24,106.86,107.0,105.34,106.2,23164838
2019-01-25,107.24,107.88,106.59,107.17,31218193
2019-01-28,106.26,106.48,104.66,105.08,29476719
2019-01-29,104.88,104.97,102.17,102.94,31490547
2019-01-30,104.62,106.38,104.33,106.38,49471866
2019-01-31,103.8,105.22,103.18,104.43,55636391
2019-02-01,103.775,104.0999,102.35,102.78,35535690
2019-02-04,102.87,105.8,102.77,105.74,31315282
2019-02-05,106.06,107.27,105.96,107.22,27325365
2019-02-06,107.0,107.0,105.53,106.03,20609759
2019-02-07,105.185,105.59,104.29,105.27,29760697
2019-02-08,104.39,105.78,104.2603,105.67,21461093
2019-02-11,106.2,106.58,104.965,105.25,18914123
2019-02-12,106.14,107.14,105.48,106.89,25056595
2019-02-13,107.5,107.78,106.71,106.81,18394869
2019-02-14,106.31,107.29,105.66,106.9,21784703
2019-02-15,107.91,108.3,107.3624,108.22,26606886
2019-02-19,107.79,108.66,107.78,108.17,18038460
2019-02-20,107.86,107.94,106.29,107.15,21607671
2019-02-21,106.9,109.48,106.87,109.41,29063231
2019-02-22,110.05,111.2,109.82,110.97,27763218
2019-02-25,111.76,112.18,111.26,111.59,23750599
2019-02-26,111.26,113.24,111.17,112.36,21536733
2019-02-27,111.69,112.36,110.88,112.17,21487062
2019-02-28,112.04,112.88,111.73,112.03,29083934
2019-03-01,112.89,113.02,111.665,112.53,23501169
2019-03-04,113.02,113.25,110.8,112.26,26608014
2019-03-05,112.25,112.39,111.23,111.7,19538318
2019-03-06,111.87,112.66,111.43,111.75,17686996
2019-03-07,111.4,111.55,109.865,110.39,25338954
2019-03-08,109.16,110.71,108.8,110.51,22818430
2019-03-11,110.99,112.95,110.98,112.83,26491618
2019-03-12,112.82,113.99,112.6499,113.62,26132717
2019-03-13,114.13,115.0,113.78,114.5,35513771
2019-03-14,114.54,115.2,114.33,114.59,30763367
2019-03-15,115.34,117.25,114.59,115.91,54630661
2019-03-18,116.17,117.61,116.05,117.57,31207596
2019-03-19,118.09,118.44,116.99,117.65,37588697
2019-03-20,117.39,118.75,116.71,117.52,28113343
2019-03-21,117.135,120.82,117.09,120.22,29854446
2019-03-22,119.5,119.59,117.04,117.05,33624528
